Date,Value
2015-07-21,23.183655712916
2015-07-20,20.226537956061
2015-07-19,24.228437904529
2015-07-18,16.759892354718
2015-07-17,16.82139210898
2015-07-16,11.633438690525
2015-07-15,30.082341423692
2015-07-14,20.051824172438
2015-07-13,7.7613588600649
2015-07-12,12.312115238374
2015-07-11,14.341771783236
2015-07-10,14.638968661337
2015-07-09,17.010842259023
2015-07-08,15.490854157403
2015-07-07,20.986432233995
2015-07-06,14.616336401673
2015-07-05,14.109161762508
2015-07-04,23.369660366894
2015-07-03,28.531354492033
2015-07-02,24.434489619435
2015-07-01,15.932925598188
2015-06-30,16.712953617437
2015-06-29,16.748895408786
2015-06-28,20.273340906838
2015-06-27,26.45600751355
2015-06-26,60.011830639117
2015-06-25,38.293719740085
2015-06-24,30.396688346453
2015-06-23,46.344623257876
2015-06-22,38.003766172187
2015-06-21,61.820106014419
2015-06-20,36.167978764053
2015-06-19,69.309217807761
2015-06-18,24.562336911504
2015-06-17,20.174988589024
2015-06-16,20.345020373478
2015-06-15,21.944501389309
2015-06-14,34.211015309385
2015-06-13,51.413866689481
2015-06-12,42.995621485255
2015-06-11,41.006403864201
2015-06-10,39.185809370647
2015-06-09,23.923897109322
2015-06-08,28.017073099818
2015-06-07,42.752586985258
2015-06-06,45.836554836134
2015-06-05,27.076965848585
2015-06-04,41.357939731896
2015-06-03,43.781597986751
2015-06-02,28.072639876281
2015-06-01,22.479954933652
2015-05-31,40.727826914418
2015-05-30,38.542266914023
2015-05-29,31.651507410381
2015-05-28,34.271515953532
2015-05-27,25.153089521338
2015-05-26,20.842663728368
2015-05-25,33.306224026984
2015-05-24,35.998373387128
2015-05-23,35.312983174006
2015-05-22,25.571261304569
2015-05-21,35.754771570727
2015-05-20,23.886084778136
2015-05-19,28.951372511598
2015-05-18,32.071329213227
2015-05-17,33.581537698314
2015-05-16,34.604305592181
2015-05-15,28.124844078356
2015-05-14,20.137371947959
2015-05-13,33.007211976193
2015-05-12,20.730805329561
2015-05-11,22.638691245929
2015-05-10,35.567238982641
2015-05-09,23.600331039834
2015-05-08,16.137586968289
2015-05-07,18.823495623242
2015-05-06,31.972161497517
2015-05-05,18.97216062596
2015-05-04,25.000779754423
2015-05-03,33.459515099131
2015-05-02,25.542653901404
2015-05-01,21.565722786879
2015-04-30,17.330900713612
2015-04-29,23.022225264738
2015-04-28,17.998727930717
2015-04-27,20.077566416556
2015-04-26,16.080967170026
2015-04-25,22.764227961703
2015-04-24,23.777239355766
2015-04-23,15.622022183344
2015-04-22,16.064453562603
2015-04-21,32.094428113818
2015-04-20,31.471213987146
2015-04-19,20.019024413062
2015-04-18,33.86254764488
2015-04-17,19.800478959424
2015-04-16,17.389773986406
2015-04-15,15.719588566153
2015-04-14,13.231410497112
2015-04-13,17.066548874348
2015-04-12,39.760937712226
2015-04-11,37.855947681949
2015-04-10,15.552006028332
2015-04-09,22.977012938849
2015-04-08,19.235403925848
2015-04-07,33.180082745698
2015-04-06,18.108454377162
2015-04-05,18.200718086571
2015-04-04,34.922503730868
2015-04-03,20.511418621682
2015-04-02,25.818336741245
2015-04-01,29.270339989794
2015-03-31,21.909032069484
2015-03-30,20.918066196459
2015-03-29,22.304313389013
2015-03-28,23.205373865718
2015-03-27,32.079656820393
2015-03-26,25.294517591207
2015-03-25,14.603622641355
2015-03-24,11.937652826034
2015-03-23,17.951374941425
2015-03-22,33.846549077949
2015-03-21,29.255304039063
2015-03-20,21.256091397795
2015-03-19,11.894990700815
2015-03-18,15.10911392965
2015-03-17,29.016211673603
2015-03-16,19.429514218428
2015-03-15,35.998289585134
2015-03-14,25.682869416694
2015-03-13,19.635739556424
2015-03-12,26.694657055767
2015-03-11,35.636981370538
2015-03-10,19.235806469206
2015-03-09,18.29638661372
2015-03-08,60.040324814603
2015-03-07,43.998209016777
2015-03-06,21.142143391125
2015-03-05,17.332244723969
2015-03-04,16.025044317911
2015-03-03,10.324592744888
2015-03-02,12.17080777737
2015-03-01,23.450083757159
2015-02-28,17.656753801679
2015-02-27,10.83851937952
2015-02-26,27.827406539905
2015-02-25,39.386628567131
2015-02-24,26.908232668266
2015-02-23,21.744786624951
2015-02-22,18.660353324294
2015-02-21,40.868337139073
2015-02-20,13.495725432588
2015-02-19,23.034988414906
2015-02-18,12.632316681421
2015-02-17,12.627907548391
2015-02-16,10.147740806906
2015-02-15,5.7113464624575
2015-02-14,11.560462764271
2015-02-13,11.885145683297
2015-02-12,20.112783504196
2015-02-11,18.884854780101
2015-02-10,21.334226054682
2015-02-09,11.163909828742
2015-02-08,8.8236930957439
2015-02-07,22.869744039702
2015-02-06,17.540638373241
2015-02-05,14.511022343303
2015-02-04,11.004812455144
2015-02-03,12.335497449707
2015-02-02,8.7548257552217
2015-02-01,8.43922503795
2015-01-31,11.310638195963
2015-01-30,8.1927911548358
2015-01-29,7.0340515728975
2015-01-28,10.592836833792
2015-01-27,9.5278436409271
2015-01-26,6.3052176379104
2015-01-25,5.2876926018096
2015-01-24,16.782206768106
2015-01-23,11.94668634709
2015-01-22,7.7079293859663
2015-01-21,29.827807606414
2015-01-20,12.129823192526
2015-01-19,12.143764511867
2015-01-18,8.6397327505529
2015-01-17,8.202442480245
2015-01-16,5.5685074337406
2015-01-15,4.0164747619051
2015-01-14,3.9657602418927
2015-01-13,7.3249562404952
2015-01-12,15.183653168374
2015-01-11,13.965268453405
2015-01-10,6.7692161712942
2015-01-09,7.2495626413487
2015-01-08,4.7836452609784
2015-01-07,6.5886946898972
2015-01-06,5.2438173921555
2015-01-05,5.8159392535203
2015-01-04,6.9289684555862
2015-01-03,15.038660429418
2015-01-02,27.850971888248
2015-01-01,16.179564369624
2014-12-31,22.676458611686
2014-12-30,20.466367544309
2014-12-29,25.743989091578
2014-12-28,16.920339407872
2014-12-27,14.603145596322
2014-12-26,22.980132341667
2014-12-25,24.810569937074
2014-12-24,34.055190862148
2014-12-23,24.314918233145
2014-12-22,15.618792783582
2014-12-21,17.459435276139
2014-12-20,11.605078477603
2014-12-19,11.324346479766
2014-12-18,12.085570707969
2014-12-17,10.048187417633
2014-12-16,10.837358120534
2014-12-15,17.838473139434
2014-12-14,19.829891748755
2014-12-13,23.033110551329
2014-12-12,17.854544837094
2014-12-11,11.037071860531
2014-12-10,30.070593008394
2014-12-09,14.557056437251
2014-12-08,22.121376170562
2014-12-07,46.295365904366
2014-12-06,42.566828979051
2014-12-05,34.383308966755
2014-12-04,15.861604546992
2014-12-03,25.089745577287
2014-12-02,53.410072656706
2014-12-01,28.313457616581
2014-11-30,28.412268083851
2014-11-29,20.269091924933
2014-11-28,36.911047830757
2014-11-27,14.075851979444
2014-11-26,14.676806993193
2014-11-25,9.9337357660639
2014-11-24,8.3255149123478
2014-11-23,15.991438185295
2014-11-22,16.735702394545
2014-11-21,10.301632469766
2014-11-20,10.739291059868
2014-11-19,12.978189550567
2014-11-18,14.237433370964
2014-11-17,8.0422334310942
2014-11-16,11.194835481162
2014-11-15,12.282207673922
2014-11-14,8.6990107036204
2014-11-13,6.1930759182322
2014-11-12,6.5988452578502
2014-11-11,15.134955799073
2014-11-10,8.855247912891
2014-11-09,11.89011550533
2014-11-08,32.283789514111
2014-11-07,16.829463095763
2014-11-06,11.382948811751
2014-11-05,15.859541564554
2014-11-04,10.549373246569
2014-11-03,11.833421960195
2014-11-02,8.406839073427
2014-11-01,9.2342268151152
2014-10-31,10.992098094332
2014-10-30,12.699524988081
2014-10-29,11.533778595207
2014-10-28,15.790522781827
2014-10-27,15.48783167751
2014-10-26,11.214265417482
2014-10-25,11.199645670041
2014-10-24,8.2582859818042
2014-10-23,7.8944998244186
2014-10-22,22.10256445265
2014-10-21,12.780468922077
2014-10-20,11.495365837991
2014-10-19,22.229464475912
2014-10-18,14.360618093662
2014-10-17,9.1478711704928
2014-10-16,7.0179303730228
2014-10-15,6.8704782270822
2014-10-14,6.8064190414426
2014-10-13,7.6478873772209
2014-10-12,9.915006671003
2014-10-11,17.197514496678
2014-10-10,5.8899514850721
2014-10-09,5.5962895090402
2014-10-08,6.8447500318638
2014-10-07,6.335299761014
2014-10-06,2.9550202922899
2014-10-05,4.5073939243985
2014-10-04,6.3847797815764
2014-10-03,8.0963529303115
2014-10-02,12.943337829339
2014-10-01,8.0239630573767
2014-09-30,9.4679504389743
2014-09-29,8.0027054263805
2014-09-28,8.8919058350704
2014-09-27,14.321923647908
2014-09-26,11.376028607473
2014-09-25,7.3096755170192
2014-09-24,4.4557191201479
2014-09-23,8.0243811237976
2014-09-22,6.9784288584948
2014-09-21,9.5218343173137
2014-09-20,6.8090406041731
2014-09-19,5.5526915589239
2014-09-18,9.9366965077801
2014-09-17,10.181324947026
2014-09-16,15.707779475479
2014-09-15,18.794640606293
2014-09-14,17.839074577838
2014-09-13,11.699102662667
2014-09-12,12.912493186191
2014-09-11,11.790207374013
2014-09-10,9.4238842241265
2014-09-09,15.567570319537
2014-09-08,8.1234602570064
2014-09-07,22.015968663282
2014-09-06,29.040720584083
2014-09-05,8.5474005180147
2014-09-04,8.5908122229794
2014-09-03,18.66692193514
2014-09-02,16.377009414211
2014-09-01,9.4263985053525
2014-08-31,7.0474594648102
2014-08-30,27.963140586977
2014-08-29,10.001503558555
2014-08-28,16.243297533274
2014-08-27,15.87702968136
2014-08-26,13.882188092166
2014-08-25,19.338841614928
2014-08-24,8.1294714896879
2014-08-23,7.4575703748761
2014-08-22,9.1651953837323
2014-08-21,7.0276934787074
2014-08-20,6.4362506833429
2014-08-19,6.5474004631454
2014-08-18,5.9013699746309
2014-08-17,6.7346912794151
2014-08-16,8.9372385790511
2014-08-15,8.2535409689828
2014-08-14,5.591133377521
2014-08-13,5.1172289210018
2014-08-12,13.361349374381
2014-08-11,18.198322686351
2014-08-10,18.74643167922
2014-08-09,46.310855670479
2014-08-08,15.341050658122
2014-08-07,18.676816951427
2014-08-06,14.709234037134
2014-08-05,19.513207260552
2014-08-04,26.751272559746
2014-08-03,16.86627606351
2014-08-02,15.977517443375
2014-08-01,13.859857336373
2014-07-31,7.1285799613653
2014-07-30,10.591434709374
2014-07-29,15.806439524772
2014-07-28,8.0027045144863
2014-07-27,13.890558651223
2014-07-26,12.522464130516
2014-07-25,14.198071081332
2014-07-24,10.087840256586
2014-07-23,25.211981986571
2014-07-22,31.532818321927
2014-07-21,22.05805447962
2014-07-20,26.027885546426
2014-07-19,24.29579426418
2014-07-18,21.011454541653
2014-07-17,10.922451093919
2014-07-16,24.886708299888
2014-07-15,19.655137185257
2014-07-14,18.770151350872
2014-07-13,15.010167601268
2014-07-12,10.459800227136
2014-07-11,14.384677062861
2014-07-10,11.963345530337
2014-07-09,37.096316812662
2014-07-08,30.526470041412
2014-07-07,9.3077796293037
2014-07-06,13.890308845026
2014-07-05,20.321059089815
2014-07-04,8.7834392373731
2014-07-03,19.568504606707
2014-07-02,15.731380007449
2014-07-01,12.428998602939
2014-06-30,7.2740230788522
2014-06-29,29.257335913483
2014-06-28,10.426915606873
2014-06-27,10.105168961385
2014-06-26,20.741342853773
2014-06-25,10.480409978439
2014-06-24,56.452150127684
2014-06-23,16.710496508024
2014-06-22,12.051627678283
2014-06-21,15.637837532958
2014-06-20,9.0734635544422
2014-06-19,26.297785820249
2014-06-18,9.5633806322772
2014-06-17,13.71491821006
2014-06-16,5.7045940016504
2014-06-15,8.3363520967148
2014-06-14,4.4794191831108
2014-06-13,8.4056223073349
2014-06-12,17.076434853433
2014-06-11,19.138296010352
2014-06-10,25.742435998071
2014-06-09,9.2163515484117
2014-06-08,18.185892997571
2014-06-07,7.583174267253
2014-06-06,19.538247112634
2014-06-05,8.8852117591412
2014-06-04,5.8389676829724
2014-06-03,5.5822877836018
2014-06-02,4.2095232910381
2014-06-01,6.69246497979
2014-05-31,6.3341598407501
2014-05-30,6.2366018178373
2014-05-29,8.5004310147328
2014-05-28,15.713472670504
2014-05-27,6.0823756068529
2014-05-26,9.4821919444143
2014-05-25,5.7380837171692
2014-05-24,42.394807899074
2014-05-23,6.5617079769518
2014-05-22,6.6503698715641
2014-05-21,8.9904136816715
2014-05-20,5.2388167484658
2014-05-19,17.179218594066
2014-05-18,21.46219054414
2014-05-17,16.322030023895
2014-05-16,20.625882756796
2014-05-15,16.323718196259
2014-05-14,18.737154169417
2014-05-13,14.001428090617
2014-05-12,14.075634554569
2014-05-11,5.3025349390092
2014-05-10,13.129960550012
2014-05-09,10.434708830374
2014-05-08,9.7128136048803
2014-05-07,9.91393691724
2014-05-06,8.8422277042657
2014-05-05,7.2944463983303
2014-05-04,10.336342647828
2014-05-03,9.265211963265
2014-05-02,8.8508051311641
2014-05-01,7.1222587951443
2014-04-30,6.6690927648364
2014-04-29,7.3545396486786
2014-04-28,6.2869864750264
2014-04-27,9.0310769374899
2014-04-26,6.6940925137984
2014-04-25,3.8518027283624
2014-04-24,12.58030401885
2014-04-23,17.07357714107
2014-04-22,12.442468630819
2014-04-21,16.740348438756
2014-04-20,6.6744760887802
2014-04-19,5.9095392444063
2014-04-18,5.975108906608
2014-04-17,6.0040993969185
2014-04-16,4.9828281755867
2014-04-15,4.2332534212963
2014-04-14,3.2705948400986
2014-04-13,5.3259340429536
2014-04-12,5.1168050228357
2014-04-11,3.7706026693163
2014-04-10,6.0924232304993
2014-04-09,10.784872824337
2014-04-08,18.899928187128
2014-04-07,11.54455324489
2014-04-06,12.014733020655
2014-04-05,21.903796171421
2014-04-04,7.4320921659313
2014-04-03,4.9661332919641
2014-04-02,4.0497924241601
2014-04-01,4.9478240850514
2014-03-31,5.6315751743398
2014-03-30,3.7038156553821
2014-03-29,5.7759640964412
2014-03-28,3.9624414254326
2014-03-27,4.6586955072233
2014-03-26,7.3561262079164
2014-03-25,7.1727564392759
2014-03-24,8.1881776743742
2014-03-23,5.8990855927545
2014-03-22,5.3611071762742
2014-03-21,4.7913091074736
2014-03-20,13.274679714888
2014-03-19,16.511666739935
2014-03-18,12.228939747344
2014-03-17,10.847116409194
2014-03-16,17.979544806619
2014-03-15,46.924538263188
2014-03-14,26.311721447692
2014-03-13,48.578103744141
2014-03-12,20.621875465303
2014-03-11,38.783097096908
2014-03-10,49.586212357341
2014-03-09,15.362313702121
2014-03-08,38.365223708415
2014-03-07,50.181814207643
2014-03-06,12.180442173411
2014-03-05,8.3889164561071
2014-03-04,4.7098420716541
2014-03-03,2.6741420948031
2014-03-02,14.874649219481
2014-03-01,3.8888953503476
2014-02-28,7.5051602889965
2014-02-27,5.9736238996268
2014-02-26,2.6170293621506
2014-02-25,4.9009105983017
2014-02-24,3.5480721795639
2014-02-23,4.5884658197577
2014-02-22,4.4712398477651
2014-02-21,2.9761154000441
2014-02-20,3.2067972192879
2014-02-19,13.088810945307
2014-02-18,7.2667393751216
2014-02-17,3.445245798437
2014-02-16,5.0392483650698
2014-02-15,3.3596486335982
2014-02-14,1.8916545559284
2014-02-13,4.9639029125599
2014-02-12,2.8422989618808
2014-02-11,5.2710380597699
2014-02-10,1.7727933327519
2014-02-09,4.8686555774407
2014-02-08,6.2018095674917
2014-02-07,2.2234576510927
2014-02-06,10.446616684151
2014-02-05,25.6711338432
2014-02-04,15.431481736595
2014-02-03,10.488226608288
2014-02-02,12.7430734944
2014-02-01,9.7386034728168
2014-01-31,7.5077833756136
2014-01-30,7.1743913342838
2014-01-29,8.3236833856691
2014-01-28,4.7170597025723
2014-01-27,7.9456770652146
2014-01-26,6.0498512808141
2014-01-25,9.1371826529646
2014-01-24,8.6735734698705
2014-01-23,11.961712220657
2014-01-22,9.943571098094
2014-01-21,17.897770213041
2014-01-20,13.885359405956
2014-01-19,7.7867107023817
2014-01-18,5.6138725012019
2014-01-17,6.1377707483905
2014-01-16,13.691043367125
2014-01-15,10.17974760826
2014-01-14,8.2827089536094
2014-01-13,5.463781263965
2014-01-12,5.9645046948535
2014-01-11,5.1646879760408
2014-01-10,4.2225604269364
2014-01-09,4.7574005311223
2014-01-08,3.5087371382228
2014-01-07,5.1122327516525
2014-01-06,6.049434030805
2014-01-05,7.6613986382584
2014-01-04,11.388327611183
2014-01-03,9.4035032934743
2014-01-02,12.953516367368
2014-01-01,9.2041799345093
2013-12-31,11.915146044315
2013-12-30,14.403616680727
2013-12-29,7.7908439495372
2013-12-28,6.7312886447185
2013-12-27,4.8422366857691
2013-12-26,4.5990532954524
2013-12-25,52.197954329146
2013-12-24,8.1336980631578
2013-12-23,11.999815260897
2013-12-22,8.6830078340672
2013-12-21,8.6263677982384
2013-12-20,6.409458389291
2013-12-19,3.6732537223121
2013-12-18,2.7424411196141
2013-12-17,3.5318907267125
2013-12-16,6.4216676724554
2013-12-15,9.7741612147338
2013-12-14,13.851211534076
2013-12-13,7.3327120993399
2013-12-12,6.7295639366772
2013-12-11,6.9226998333694
2013-12-10,8.5136042859874
2013-12-09,4.4574162290511
2013-12-08,7.2049959455865
2013-12-07,2.9867969621208
2013-12-06,9.7637404595816
2013-12-05,4.7165938706241
2013-12-04,13.840036492164
2013-12-03,10.502124239755
2013-12-02,3.3515521062019
2013-12-01,6.8552267548392
2013-11-30,14.616879837089
2013-11-29,14.964107611105
2013-11-28,8.3390356162697
2013-11-27,11.343557600203
2013-11-26,8.8560888242871
2013-11-25,12.885710172262
2013-11-24,11.162105121915
2013-11-23,9.0825485879583
2013-11-22,24.319995800396
2013-11-21,7.1473898700381
2013-11-20,6.4616520795863
2013-11-19,4.6003496699257
2013-11-18,6.9385572270488
2013-11-17,8.4024439671906
2013-11-16,7.319230668009
2013-11-15,9.1632019012314
2013-11-14,8.7276031209182
2013-11-13,6.2476678629895
2013-11-12,11.794309091852
2013-11-11,5.2614392355486
2013-11-10,3.3382154382186
2013-11-09,7.2803141226075
2013-11-08,7.4919809233293
2013-11-07,6.2995085563377
2013-11-06,4.982443966717
2013-11-05,10.588307562974
2013-11-04,8.1657805173123
2013-11-03,15.423026270054
2013-11-02,17.751288070488
2013-11-01,19.294906988287
2013-10-31,8.4612408433526
2013-10-30,7.1323582750744
2013-10-29,19.210335916816
2013-10-28,8.5176905150834
2013-10-27,18.9027476308
2013-10-26,13.143508587213
2013-10-25,10.083024833195
2013-10-24,4.593327200094
2013-10-23,9.943555112292
2013-10-22,8.0369274282511
2013-10-21,6.61250853237
2013-10-20,15.982260836724
2013-10-19,5.2575086271378
2013-10-18,6.8231452633175
2013-10-17,8.7894292885818
2013-10-16,6.6550734398713
2013-10-15,14.238361025621
2013-10-14,6.6524524758402
2013-10-13,12.173967243791
2013-10-12,19.396052973609
2013-10-11,20.179623957815
2013-10-10,9.9646777835742
2013-10-09,9.0752538152635
2013-10-08,10.301377800361
2013-10-07,28.344266756288
2013-10-06,25.018669813561
2013-10-05,24.506410071178
2013-10-04,9.411382945563
2013-10-03,6.3557055211382
2013-10-02,9.7422706256213
2013-10-01,27.439680404183
2013-09-30,11.613133901799
2013-09-29,28.277222448793
2013-09-28,15.758177873967
2013-09-27,14.337578358867
2013-09-26,20.774583892263
2013-09-25,17.500452785346
2013-09-24,31.877656516777
2013-09-23,21.677849176342
2013-09-22,37.969894595834
2013-09-21,21.505556635995
2013-09-20,13.686239941608
2013-09-19,15.985759226778
2013-09-18,15.886092995169
2013-09-17,18.086460282855
2013-09-16,16.373223466993
2013-09-15,11.748068188345
2013-09-14,13.183158335802
2013-09-13,13.393274027937
2013-09-12,9.0812801102615
2013-09-11,9.745601124415
2013-09-10,9.413476118506
2013-09-09,7.3804856920299
2013-09-08,15.196332173196
2013-09-07,6.7105000375097
2013-09-06,9.6282708229684
2013-09-05,7.1675715473262
2013-09-04,24.715318169254
2013-09-03,13.351510654776
2013-09-02,16.714867017229
2013-09-01,10.50533919361
2013-08-31,8.8933976209011
2013-08-30,11.888863986615
2013-08-29,21.807436621904
2013-08-28,17.963524358481
2013-08-27,9.523095493725
2013-08-26,16.175297691385
2013-08-25,13.026925734784
2013-08-24,25.567897979412
2013-08-23,14.027691860975
2013-08-22,12.314526138214
2013-08-21,9.8595695155549
2013-08-20,17.416665900572
2013-08-19,9.8635927802074
2013-08-18,19.948048156285
2013-08-17,20.816092708314
2013-08-16,19.536958929352
2013-08-15,17.456785241266
2013-08-14,9.1022396390481
2013-08-13,11.189944109196
2013-08-12,28.36947243571
2013-08-11,21.253431318995
2013-08-10,22.336997917974
2013-08-09,10.538728707656
2013-08-08,7.4166294860203
2013-08-07,16.719572627295
2013-08-06,15.293261722264
2013-08-05,9.6157099845429
2013-08-04,18.106407411913
2013-08-03,25.770590365224
2013-08-02,5.7900449742719
2013-08-01,15.392181924516
2013-07-31,4.8144392262071
2013-07-30,11.482025756522
2013-07-29,5.7897696602348
2013-07-28,3.2116164417047
2013-07-27,9.6278005570436
2013-07-26,17.572094191891
2013-07-25,7.8994705513778
2013-07-24,19.964485738893
2013-07-23,12.542773528434
2013-07-22,29.852044789595
2013-07-21,12.403189980782
2013-07-20,9.4338043353817
2013-07-19,12.790301926649
2013-07-18,5.7968067051295
2013-07-17,23.094280844597
2013-07-16,12.183496370396
2013-07-15,4.5059966062335
2013-07-14,9.7366239081682
2013-07-13,7.2778782398479
2013-07-12,3.4678019973129
2013-07-11,2.7608195661904
2013-07-10,13.660214928604
2013-07-09,11.493154507559
2013-07-08,2.6990974380907
2013-07-07,5.3949363729102
2013-07-06,3.557768317374
2013-07-05,5.8644969391451
2013-07-04,3.4233918454263
2013-07-03,6.3349920422182
2013-07-02,6.6028877710708
2013-07-01,5.6380238659605
2013-06-30,7.9768447998506
2013-06-29,3.9307012393344
2013-06-28,4.2497249092443
2013-06-27,14.840222341573
2013-06-26,8.6031192887129
2013-06-25,1.6150627104552
2013-06-24,6.0249598023673
2013-06-23,9.6192041098521
2013-06-22,12.408170188422
2013-06-21,4.2198123706779
2013-06-20,4.0384705240153
2013-06-19,5.2597981413174
2013-06-18,2.7819652410271
2013-06-17,8.9141879861083
2013-06-16,8.173471550333
2013-06-15,6.5429507830437
2013-06-14,3.5387859250354
2013-06-13,13.434754290031
2013-06-12,9.3892212322839
2013-06-11,9.7343054631674
2013-06-10,1.903722252166
2013-06-09,1.7807264871
2013-06-08,5.9424917151736
2013-06-07,3.3972258142102
2013-06-06,10.288246824648
2013-06-05,11.60712939428
2013-06-04,8.955943510948
2013-06-03,6.2479083775249
2013-06-02,1.1809583485488
2013-06-01,7.8585356749231
2013-05-31,7.6266218387095
2013-05-30,7.1614655639752
2013-05-29,12.138722641733
2013-05-28,3.2463748613791
2013-05-27,5.3603530139141
2013-05-26,3.0387588965502
2013-05-25,8.4212193334077
2013-05-24,3.7845689306729
2013-05-23,5.8231175829083
2013-05-22,8.0754046523715
2013-05-21,10.257179263838
2013-05-20,7.4247803930463
2013-05-19,6.2027292124377
2013-05-18,5.7082961342642
2013-05-17,2.2570619172964
2013-05-16,5.3283461305224
2013-05-15,1.6617420382755
2013-05-14,7.8485025910019
2013-05-13,10.989620676217
2013-05-12,8.1660616190545
2013-05-11,7.8151182310266
2013-05-10,2.6592713459948
2013-05-09,2.8666203955733
2013-05-08,3.7221010155476
2013-05-07,2.8336771077384
2013-05-06,2.6322309882119
2013-05-05,2.0346967292635
2013-05-04,1.2056593099056
2013-05-03,1.414308892122
2013-05-02,1.0826175334854
2013-05-01,2.6446030711701
2013-04-30,4.5771943638831
2013-04-29,4.2135950205169
2013-04-28,3.7090253738606
2013-04-27,4.6870849465702
2013-04-26,1.0397183712839
2013-04-25,2.3327430211023
2013-04-24,1.139985243008
2013-04-23,1.9329087345023
2013-04-22,1.7604917939293
2013-04-21,1.4868465081718
2013-04-20,3.2064529822548
2013-04-19,0.85145237668488
2013-04-18,1.7339216539096
2013-04-17,0.99938532479726
2013-04-16,1.9596370697906
2013-04-15,0.80996423175739
2013-04-14,0.65746258105753
2013-04-13,0.91340571154526
2013-04-12,1.1766074241937
2013-04-11,2.8128499670123
2013-04-10,5.6299990173256
2013-04-09,3.2056474242624
2013-04-08,2.9103139024171
2013-04-07,3.217450731442
2013-04-06,5.8494484712514
2013-04-05,3.7792437235023
2013-04-04,2.9265012656533
2013-04-03,3.0046322493268
2013-04-02,5.5149570170324
2013-04-01,2.4022182031767
2013-03-31,7.1875669478149
2013-03-30,4.9765553018264
2013-03-29,1.9855483594018
2013-03-28,4.6778364891968
2013-03-27,3.5612980012878
2013-03-26,4.4541666180536
2013-03-25,3.5813709696852
2013-03-24,3.7171925439706
2013-03-23,1.4963890450361
2013-03-22,4.5944945062634
2013-03-21,2.8622948283547
2013-03-20,3.4893967506333
2013-03-19,2.2472345215559
2013-03-18,10.365129089117
2013-03-17,9.3178861550417
2013-03-16,8.083341242158
2013-03-15,12.398237462447
2013-03-14,5.7374138368336
2013-03-13,4.5925145217732
2013-03-12,1.3992028433285
2013-03-11,4.1189988208646
2013-03-10,5.0814022319731
2013-03-09,3.3454878549849
2013-03-08,1.365467562856
2013-03-07,1.9206969035959
2013-03-06,3.2510789788013
2013-03-05,3.605240497071
2013-03-04,4.7310840597599
2013-03-03,10.093001537486
2013-03-02,5.4367277732543
2013-03-01,4.876326493359
2013-02-28,3.070233573867
2013-02-27,7.7747953029894
2013-02-26,6.4887456054139
2013-02-25,10.771641531034
2013-02-24,11.143032492422
2013-02-23,2.8479385697641
2013-02-22,4.6659083243638
2013-02-21,7.5407303010275
2013-02-20,5.9485493449144
2013-02-19,2.7424303880334
2013-02-18,5.6285583869621
2013-02-17,3.9451311734678
2013-02-16,6.2211055916929
2013-02-15,4.7888112841227
2013-02-14,1.7726022989517
2013-02-13,3.3513874388241
2013-02-12,4.9104235268611
2013-02-11,5.8883905585572
2013-02-10,3.2892326461539
2013-02-09,4.7369044321482
2013-02-08,4.2128607369582
2013-02-07,4.948667642596
2013-02-06,5.3587099262508
2013-02-05,7.0759017746844
2013-02-04,4.2102771642635
2013-02-03,5.3865413153269
2013-02-02,3.5454157250487
2013-02-01,7.1083995523589
2013-01-31,4.1900835403831
2013-01-30,5.908661774172
2013-01-29,4.2347681741913
2013-01-28,5.3392667984272
2013-01-27,4.8894853868971
2013-01-26,6.9516794467191
2013-01-25,1.8105426411199
2013-01-24,3.2265205778198
2013-01-23,5.6705443149362
2013-01-22,4.6229041170375
2013-01-21,3.467401503125
2013-01-20,4.491286877301
2013-01-19,3.7018226235902
2013-01-18,3.6215037827612
2013-01-17,5.1703558177753
2013-01-16,6.1311656314009
2013-01-15,4.7095546247771
2013-01-14,7.9609028000159
2013-01-13,4.9302374055867
2013-01-12,3.9034024985295
2013-01-11,5.781044839389
2013-01-10,5.5340038277013
2013-01-09,8.712636967078
2013-01-08,5.1123151059775
2013-01-07,9.5516711480403
2013-01-06,8.7068580655156
2013-01-05,8.0482413211754
2013-01-04,8.9573051105564
2013-01-03,7.3418555539229
2013-01-02,17.267155390047
2013-01-01,4.1549938249759
2012-12-31,10.068064725626
2012-12-30,16.957936028102
2012-12-29,4.8470851399721
2012-12-28,8.0571300248793
2012-12-27,8.046191521089
2012-12-26,10.85476465698
2012-12-25,7.2879703607999
2012-12-24,9.6401324504976
2012-12-23,4.5280519829286
2012-12-22,8.2014206536622
2012-12-21,7.3467625041242
2012-12-20,3.9362037608285
2012-12-19,8.8426116522484
2012-12-18,8.6713667747425
2012-12-17,2.5850577479516
2012-12-16,5.3351332671671
2012-12-15,4.0515968237127
2012-12-14,5.6038754453248
2012-12-13,9.0238097448096
2012-12-12,8.8735638238108
2012-12-11,10.081415941411
2012-12-10,8.365802169072
2012-12-09,4.3594075894008
2012-12-08,9.8964681214588
2012-12-07,4.6017700281682
2012-12-06,7.1104689033493
2012-12-05,4.1302646319777
2012-12-04,6.2303312337282
2012-12-03,7.8177266295857
2012-12-02,8.6681066968822
2012-12-01,8.0337967490768
2012-11-30,6.8613554217014
2012-11-29,7.2360498321858
2012-11-28,7.1535284988622
2012-11-27,5.3936771605724
2012-11-26,7.9984720896612
2012-11-25,4.4752917337669
2012-11-24,7.7200908153398
2012-11-23,5.4273889532451
2012-11-22,3.6907089606393
2012-11-21,8.9157054386137
2012-11-20,6.5860384636807
2012-11-19,12.242903671646
2012-11-18,11.858204813763
2012-11-17,10.362091800071
2012-11-16,5.2038785276921
2012-11-15,7.0899614715914
2012-11-14,9.9822039221481
2012-11-13,7.8529547596908
2012-11-12,3.5332694649032
2012-11-11,6.2996437973946
2012-11-10,8.2215691079333
2012-11-09,10.384493602504
2012-11-08,8.396089155226
2012-11-07,6.3068723837254
2012-11-06,8.5680143317049
2012-11-05,6.8026064810815
2012-11-04,8.8021265974742
2012-11-03,9.3510017596997
2012-11-02,4.5510144271142
2012-11-01,8.5460127034707
2012-10-31,7.4625785369488
2012-10-30,12.575020070424
2012-10-29,3.5784139542208
2012-10-28,9.2414977399031
2012-10-27,3.4388121487355
2012-10-26,2.4022617335722
2012-10-25,4.9032707389825
2012-10-24,6.8181013670899
2012-10-23,5.9195534265948
2012-10-22,6.8324017218861
2012-10-21,17.069705564496
2012-10-20,11.792858627512
2012-10-19,8.3018292216541
2012-10-18,10.13408087492
2012-10-17,5.2203834506191
2012-10-16,9.9860614706178
2012-10-15,5.5235675943207
2012-10-14,10.277535419118
2012-10-13,9.988985868302
2012-10-12,10.485857947161
2012-10-11,9.1787074244496
2012-10-10,7.3302614442642
2012-10-09,3.9448292025746
2012-10-08,2.2247165476051
2012-10-07,2.0229123864835
2012-10-06,7.3413879791878
2012-10-05,6.1777599025579
2012-10-04,7.9196067950977
2012-10-03,7.4979048319366
2012-10-02,5.8333076350311
2012-10-01,9.9848917846081
2012-09-30,20.413118721385
2012-09-29,10.774688065276
2012-09-28,8.8638488760406
2012-09-27,10.683279646442
2012-09-26,10.299603706681
2012-09-25,9.5842872760306
2012-09-24,9.9548333903017
2012-09-23,3.4659989970007
2012-09-22,14.088963106776
2012-09-21,12.134336909025
2012-09-20,8.417871650515
2012-09-19,4.924004239396
2012-09-18,8.7154260463172
2012-09-17,10.052333953511
2012-09-16,4.3678182658763
2012-09-15,10.860601944363
2012-09-14,5.2443773556504
2012-09-13,8.9279367797403
2012-09-12,3.2578715622139
2012-09-11,8.0356906963668
2012-09-10,11.447941027719
2012-09-09,20.897425026537
2012-09-08,5.8635131533345
2012-09-07,4.1244338424382
2012-09-06,3.3860556686521
2012-09-05,7.9750998190453
2012-09-04,7.0513774159692
2012-09-03,6.6440077010677
2012-09-02,6.7441088859685
2012-09-01,2.6715327557803
2012-08-31,10.506866454008
2012-08-30,5.9052358341819
2012-08-29,3.9693037704846
2012-08-28,2.9919505270708
2012-08-27,2.051560514348
2012-08-26,5.7865095269773
2012-08-25,5.1977113117444
2012-08-24,4.7146947874009
2012-08-23,4.1387933140961
2012-08-22,5.3096255760518
2012-08-21,4.3060353826909
2012-08-20,2.5860904067835
2012-08-19,2.208166990155
2012-08-18,1.284668134335
2012-08-17,2.3129666937647
2012-08-16,1.8641928023826
2012-08-15,3.389025252358
2012-08-14,3.9648455326965
2012-08-13,5.4315373834807
2012-08-12,3.9361315473692
2012-08-11,4.6060509275962
2012-08-10,2.7946575498467
2012-08-09,3.1467130522955
2012-08-08,4.813727986433
2012-08-07,4.4920992654634
2012-08-06,2.8463176417065
2012-08-05,2.7730808716255
2012-08-04,3.1010809096643
2012-08-03,1.9058806195694
2012-08-02,4.9914780837287
2012-08-01,4.7204863518403
2012-07-31,4.1228770702044
2012-07-30,3.5137616876507
2012-07-29,12.883480326496
2012-07-28,6.3255951809834
2012-07-27,6.2697034099024
2012-07-26,3.6039746347437
2012-07-25,4.8714089397094
2012-07-24,5.0985494125928
2012-07-23,1.4858095119214
2012-07-22,4.1553024159936
2012-07-21,1.6392996420411
2012-07-20,1.5805761752775
2012-07-19,3.9511831257963
2012-07-18,2.5991616509758
2012-07-17,1.7611888800874
2012-07-16,2.7298469317613
2012-07-15,7.7759149848469
2012-07-14,13.410883130169
2012-07-13,3.3472562109107
2012-07-12,7.0244000165364
2012-07-11,4.0054047991083
2012-07-10,2.9782146808478
2012-07-09,5.6536962169729
2012-07-08,3.0280085900439
2012-07-07,5.4861295697868
2012-07-06,5.4580499275149
2012-07-05,4.5592183431854
2012-07-04,6.0016854735676
2012-07-03,3.9685600791681
2012-07-02,5.926460825481
2012-07-01,4.2868534357833
2012-06-30,6.1583328146794
2012-06-29,5.4500110020442
2012-06-28,4.6432185016899
2012-06-27,6.9288750118433
2012-06-26,5.4666334412993
2012-06-25,3.3289666387876
2012-06-24,8.3296530877299
2012-06-23,6.633912855672
2012-06-22,4.1914694294331
2012-06-21,3.1744830463005
2012-06-20,4.9333184314096
2012-06-19,4.6029799477232
2012-06-18,3.0070645561313
2012-06-17,6.4420787491673
2012-06-16,2.7365833936606
2012-06-15,4.0021910904659
2012-06-14,4.6756930426115
2012-06-13,4.4510616671167
2012-06-12,2.698058576539
2012-06-11,4.6920684322937
2012-06-10,4.3430327704305
2012-06-09,8.0075876105441
2012-06-08,4.3660743988592
2012-06-07,4.2256830223214
2012-06-06,7.0021478278188
2012-06-05,2.5790836536834
2012-06-04,5.3718002121551
2012-06-03,9.1436468016652
2012-06-02,8.5661845487342
2012-06-01,13.149876825606
2012-05-31,5.4827753615368
2012-05-30,5.5796791764299
2012-05-29,3.2881005095737
2012-05-28,6.3384218038485
2012-05-27,7.1880190882162
2012-05-26,6.8023725399506
2012-05-25,8.0256718538851
2012-05-24,4.5884263187408
2012-05-23,3.4864647390567
2012-05-22,6.3026664387135
2012-05-21,9.3164959832331
2012-05-20,8.3387680700869
2012-05-19,5.1605147825487
2012-05-18,4.8560659836315
2012-05-17,3.3074484095162
2012-05-16,3.3867763311125
2012-05-15,5.4961246608909
2012-05-14,3.2643663517299
2012-05-13,7.5846104725497
2012-05-12,5.30401777149
2012-05-11,2.7152506588466
2012-05-10,6.0759825541001
2012-05-09,5.6634746983654
2012-05-08,2.4745520173867
2012-05-07,4.2283205987513
2012-05-06,11.282293769691
2012-05-05,4.5630468270217
2012-05-04,4.3107818084932
2012-05-03,4.43117596033
2012-05-02,1.5662400078089
2012-05-01,4.0211520088262
2012-04-30,2.5040674620118
2012-04-29,7.2262379233585
2012-04-28,1.4152566178968
2012-04-27,5.1701716758737
2012-04-26,3.4007364396856
2012-04-25,3.9382385136732
2012-04-24,1.840815426608
2012-04-23,3.486249270515
2012-04-22,5.301750575322
2012-04-21,1.4010415357159
2012-04-20,4.5874744861752
2012-04-19,4.9880436218673
2012-04-18,2.2116225303597
2012-04-17,6.7585133561435
2012-04-16,5.6645436984449
2012-04-15,3.0163596440246
2012-04-14,2.0810294354021
2012-04-13,2.4375684832919
2012-04-12,3.8989495986227
2012-04-11,3.2187765842344
2012-04-10,4.4979211399008
2012-04-09,9.9931366588057
2012-04-08,1.5326567853677
2012-04-07,1.3213905543817
2012-04-06,3.5802554081837
2012-04-05,4.557721484461
2012-04-04,2.545335102617
2012-04-03,2.2077438135997
2012-04-02,1.5566507229578
2012-04-01,2.5950107490232
2012-03-31,2.3690817023838
2012-03-30,4.0872568320635
2012-03-29,3.7209304111715
2012-03-28,2.6425204757996
2012-03-27,2.2915423869991
2012-03-26,1.5945656595487
2012-03-25,1.9059719537707
2012-03-24,2.2962510711982
2012-03-23,1.8382039682136
2012-03-22,3.3530898876918
2012-03-21,2.8928902566799
2012-03-20,0.80016882524905
2012-03-19,1.2208864921607
2012-03-18,2.2749808338646
2012-03-17,3.2398199090988
2012-03-16,4.6197183895957
2012-03-15,3.2859737355911
2012-03-14,1.7305065210338
2012-03-13,1.1841924256948
2012-03-12,4.8615092182926
2012-03-11,1.8067712299527
2012-03-10,2.9583410920802
2012-03-09,2.6200608297304
2012-03-08,1.9137925080002
2012-03-07,2.2944243198898
2012-03-06,2.8166306949441
2012-03-05,1.1518832797859
2012-03-04,2.2499312649818
2012-03-03,3.8354310770423
2012-03-02,1.7291483028108
2012-03-01,4.1254082170417
2012-02-29,2.4560458556955
2012-02-28,2.1785325762637
2012-02-27,1.9123996633651
2012-02-26,1.1436664054849
2012-02-25,2.7246644015367
2012-02-24,1.2757243259894
2012-02-23,0.90538243245574
2012-02-22,1.7369659228905
2012-02-21,2.2922031690001
2012-02-20,1.7027820738707
2012-02-19,2.2436833222577
2012-02-18,1.6189500039957
2012-02-17,1.3050956558955
2012-02-16,1.2713581685324
2012-02-15,3.4575809764861
2012-02-14,1.3393632403494
2012-02-13,0.67911183502927
2012-02-12,1.3639556789377
2012-02-11,3.7123975272041
2012-02-10,1.078905974199
2012-02-09,1.371890866123
2012-02-08,0.42409410807928
2012-02-07,1.3022299034047
2012-02-06,1.769544753935
2012-02-05,0.93995597056417
2012-02-04,5.4176616922344
2012-02-03,1.8157506342146
2012-02-02,1.0068334439661
2012-02-01,2.8024931997479
2012-01-31,2.1384496285261
2012-01-30,1.6453916310003
2012-01-29,1.8169277482955
2012-01-28,0.91068091074637
2012-01-27,0.97689765458527
2012-01-26,0.81495190277158
2012-01-25,1.4413874389395
2012-01-24,2.9800890761434
2012-01-23,1.7458639480944
2012-01-22,1.8018345471944
2012-01-21,1.3590710692749
2012-01-20,1.6002077615183
2012-01-19,1.0782161807611
2012-01-18,0.45821161688146
2012-01-17,1.0891139163701
2012-01-16,1.2354652830552
2012-01-15,0.91193962015279
2012-01-14,1.0699658709091
2012-01-13,2.6040616177947
2012-01-12,0.60900010819344
2012-01-11,0.93058420485312
2012-01-10,0.87434759223034
2012-01-09,1.1548445853768
2012-01-08,1.3532653246569
2012-01-07,1.5126679361372
2012-01-06,0.66403442529694
2012-01-05,1.2806279581341
2012-01-04,1.407546655552
2012-01-03,0.80171190678329
2012-01-02,0.95553166842674
2012-01-01,2.0598712913443
2011-12-31,0.64064719014502
2011-12-30,1.9669764427428
2011-12-29,1.6401626959769
2011-12-28,2.3626524867118
2011-12-27,2.1946929756843
2011-12-26,0.85890912405854
2011-12-25,0.82661796210104
2011-12-24,4.6248168081812
2011-12-23,3.2083465969402
2011-12-22,1.6323005180073
2011-12-21,1.6152537807283
2011-12-20,1.3401819077717
2011-12-19,0.96256680041616
2011-12-18,4.8810720848948
2011-12-17,6.0484986329152
2011-12-16,2.8602034250726
2011-12-15,6.1099179314298
2011-12-14,1.6442251065302
2011-12-13,4.5401851906145
2011-12-12,5.6873944215977
2011-12-11,1.9999699299291
2011-12-10,5.6076314805461
2011-12-09,26.297759121359
2011-12-08,86.276710495365
2011-12-07,83.11218300241
2011-12-06,92.229139670714
2011-12-05,41.612034255453
2011-12-04,22.151662580263
2011-12-03,41.179832454459
2011-12-02,48.287957947074
2011-12-01,21.398788738668
2011-11-30,46.239730325406
2011-11-29,10.887671283879
2011-11-28,52.306064286969
2011-11-27,43.299495079712
2011-11-26,2.7599376625571
2011-11-25,2.1936754653571
2011-11-24,3.1606905171737
2011-11-23,26.055584441618
2011-11-22,34.897179871019
2011-11-21,24.151527466598
2011-11-20,6.4129400166026
2011-11-19,15.815333537566
2011-11-18,69.263197128593
2011-11-17,17.603127435177
2011-11-16,35.826310735347
2011-11-15,1.3247697235835
2011-11-14,0.35588018685244
2011-11-13,6.1146494747545
2011-11-12,1.6361833800115
2011-11-11,3.4510846246267
2011-11-10,4.2486390046111
2011-11-09,4.1445047233822
2011-11-08,1.473805684171
2011-11-07,3.6683434990397
2011-11-06,3.5651383336284
2011-11-05,1.9448295660742
2011-11-04,2.2314726722446
2011-11-03,3.8850511830364
2011-11-02,3.7646939864285
2011-11-01,2.5342617931444
2011-10-31,2.4892695532052
2011-10-30,1.5012972888466
2011-10-29,2.2042392139461
2011-10-28,1.7845656780712
2011-10-27,1.3648791280751
2011-10-26,2.9784801665502
2011-10-25,0.73514990316569
2011-10-24,1.93498569352
2011-10-23,1.5360534501557
2011-10-22,0.94576946458551
2011-10-21,1.0275796949238
2011-10-20,1.5511594930396
2011-10-19,0.93781427196461
2011-10-18,0.94289251735126
2011-10-17,0.60813489260044
2011-10-16,1.9205855950667
2011-10-15,1.4184332017297
2011-10-14,5.4150888292617
2011-10-13,1.6406478927863
2011-10-12,1.2709918224387
2011-10-11,1.6393608876246
2011-10-10,2.5403296104492
2011-10-09,1.7142724941454
2011-10-08,1.1235299497879
2011-10-07,1.1799733150642
2011-10-06,2.4798986327655
2011-10-05,3.4587884089225
2011-10-04,4.0076320413699
2011-10-03,3.6550251433032
2011-10-02,3.6679663207924
2011-10-01,2.2918528225201
2011-09-30,1.46039761
2011-09-29,2.8924415958144
2011-09-28,2.1055302346828
2011-09-27,2.4545155855774
2011-09-26,1.1101344132726
2011-09-25,6.0080832045159
2011-09-24,2.6665443147062
2011-09-23,0.86291636680225
2011-09-22,1.5041893976148
2011-09-21,2.0011321700883
2011-09-20,0.60923737497502
2011-09-19,1.0675079498141
2011-09-18,2.3014333870842
2011-09-17,3.0372332920675
2011-09-16,1.0491344996841
2011-09-15,0.99496956119463
2011-09-14,1.9353520236782
2011-09-13,1.1551108573893
2011-09-12,0.81539334987117
2011-09-11,7.3094507699101
2011-09-10,0.94192230655803
2011-09-09,0.63338687728477
2011-09-08,2.4873601480069
2011-09-07,2.3618576486039
2011-09-06,0.94943380665289
2011-09-05,2.2978913313532
2011-09-04,5.1702198212982
2011-09-03,3.0380848399939
2011-09-02,3.7512717256846
2011-09-01,2.2632561015343
2011-08-31,3.4813982390719
2011-08-30,2.8220527937636
2011-08-29,1.8574211292968
2011-08-28,1.7687328731437
2011-08-27,16.571333286276
2011-08-26,1.3698623074086
2011-08-25,3.3834612619013
2011-08-24,6.289747745281
2011-08-23,2.5084101870288
2011-08-22,1.8102214416858
2011-08-21,3.6406913649417
2011-08-20,3.5679047703133
2011-08-19,1.7410982252103
2011-08-18,4.4597909718453
2011-08-17,3.3986470535835
2011-08-16,3.1257806179362
2011-08-15,1.7065342800774
2011-08-14,1.1370636369106
2011-08-13,1.7930389221474
2011-08-12,0.81496817011543
2011-08-11,1.4197492681251
2011-08-10,1.9799447254557
2011-08-09,0.64189302253066
2011-08-08,2.4558410418652
2011-08-07,1.2520869598855
2011-08-06,0.92779357075454
2011-08-05,4.5426475793797
2011-08-04,1.201572077611
2011-08-03,0.98523370320144
2011-08-02,1.7841604428333
2011-08-01,5.7939848546606
2011-07-31,1.1371651054587
2011-07-30,7.9079853055562
2011-07-29,4.2044097813195
2011-07-28,3.8092014378969
2011-07-27,4.3399407596331
2011-07-26,2.7976191855545
2011-07-25,1.5340984859324
2011-07-24,1.8564428398743
2011-07-23,3.0843862519332
2011-07-22,2.7404896787722
2011-07-21,1.5973505770868
2011-07-20,2.8658670204019
2011-07-19,0.79231972690464
2011-07-18,4.1234713959586
2011-07-17,1.3064919196341
2011-07-16,1.4991903749828
2011-07-15,2.3699983263081
2011-07-14,3.2651717627594
2011-07-13,4.4713119301889
2011-07-12,1.8231877291771
2011-07-11,1.1171397636862
2011-07-10,1.4810070234392
2011-07-09,3.1008617119479
2011-07-08,1.1144422675802
2011-07-07,0.79319098777258
2011-07-06,0.70084569433705
2011-07-05,1.222056868091
2011-07-04,1.6047995287943
2011-07-03,2.2232631793843
2011-07-02,2.489245127941
2011-07-01,2.3510819991393
2011-06-30,4.6516811835711
2011-06-29,3.7500984948425
2011-06-28,5.4625899853646
2011-06-27,1.9936387041467
2011-06-26,12.697098637446
2011-06-25,19.581025909998
2011-06-24,20.58056910653
2011-06-23,92.876928613103
2011-06-22,43.332393492654
2011-06-21,24.878490704444
2011-06-20,224.0653468569
2011-06-19,2.5433239191842
2011-06-18,1.9509757574706
2011-06-17,1.4723069106543
2011-06-16,4.2662787333252
2011-06-15,4.0820594194535
2011-06-14,4.6815984581341
2011-06-13,2.5861641006151
2011-06-12,2.6498972572712
2011-06-11,1.1412372848345
2011-06-10,1.91781193213
2011-06-09,1.9194027248272
2011-06-08,1.5160155424365
2011-06-07,2.6467414954186
2011-06-06,1.9102318332827
2011-06-05,3.8648989871121
2011-06-04,1.7112435419514
2011-06-03,2.3866558987755
2011-06-02,1.5850065461155
2011-06-01,1.4933316063169
2011-05-31,1.9208746556979
2011-05-30,3.6341949944566
2011-05-29,7.2123035908287
2011-05-28,3.5545552319526
2011-05-27,18.445422146413
2011-05-26,1.2582921949525
2011-05-25,2.2985274881396
2011-05-24,4.0923647475749
2011-05-23,2.2759360398279
2011-05-22,11.198873160372
2011-05-21,8.1339351952015
2011-05-20,2.4968670735739
2011-05-19,2.2714829863756
2011-05-18,3.0407656336011
2011-05-17,4.0567355176998
2011-05-16,1.474487526571
2011-05-15,5.9974702355573
2011-05-14,18.151485081265
2011-05-13,5.0580976516199
2011-05-12,3.5463505252043
2011-05-11,1.9997637583181
2011-05-10,2.3751286961565
2011-05-09,5.362883421487
2011-05-08,4.2442866402422
2011-05-07,7.1256071236964
2011-05-06,4.231441461814
2011-05-05,5.31323727792
2011-05-04,9.6712917460647
2011-05-03,7.1386724559176
2011-05-02,2.525323418517
2011-05-01,1.6704394610445
2011-04-30,3.4387549160235
2011-04-29,5.2885294418014
2011-04-28,1.1096766700127
2011-04-27,1.7825735634487
2011-04-26,3.154443401142
2011-04-25,2.9134179737405
2011-04-24,1.9310955023854
2011-04-23,1.6823872199763
2011-04-22,3.2219066008179
2011-04-21,2.0054165740715
2011-04-20,29.912782508982
2011-04-19,122.01996778872
2011-04-18,1.905570380728
2011-04-17,47.488448646025
2011-04-16,5.1970097161662
2011-04-15,1.3277113490639
2011-04-14,4.2458647878238
2011-04-13,1.4381528689088
2011-04-12,1.8391555972162
2011-04-11,4.1306177006497
2011-04-10,16.180830718374
2011-04-09,5.0521722431144
2011-04-08,2.4278663627336
2011-04-07,5.9386555323267
2011-04-06,4.183977415873
2011-04-05,3.8764133958285
2011-04-04,2.3508823610629
2011-04-03,13.317137797949
2011-04-02,15.056539565613
2011-04-01,12.98647317849
2011-03-31,10.53121302
2011-03-30,13.357537271652
2011-03-29,14.858104151409
2011-03-28,5.3230633158161
2011-03-27,8.1635048307364
2011-03-26,11.71311602568
2011-03-25,10.767300264867
2011-03-24,7.7101149594101
2011-03-23,5.6178746714237
2011-03-22,9.0859719496618
2011-03-21,12.451601554146
2011-03-20,4.7746932796023
2011-03-19,11.188281720788
2011-03-18,4.8550229748273
2011-03-17,8.4821223428524
2011-03-16,14.082414785798
2011-03-15,28.901318983384
2011-03-14,29.842794866048
2011-03-13,45.092609134981
2011-03-12,14.881234597771
2011-03-11,10.900911987776
2011-03-10,23.024234750908
2011-03-09,30.825644238876
2011-03-08,9.3648714527507
2011-03-07,2.1673078075458
2011-03-06,2.3377526541034
2011-03-05,8.9168220267647
2011-03-04,13.345829063753
2011-03-03,32.330778979764
2011-03-02,48.132448551607
2011-03-01,10.806859040665
2011-02-28,4.2084715270167
2011-02-27,3.7122766044933
2011-02-26,9.7590146553907
2011-02-25,2.8616855441904
2011-02-24,4.9197595850261
2011-02-23,2.1946749528723
2011-02-22,5.8466250238689
2011-02-21,10.191728715599
2011-02-20,3.0518517686385
2011-02-19,1.2136852604439
2011-02-18,3.4750239362717
2011-02-17,3.2089220929227
2011-02-16,5.5245630020792
2011-02-15,4.9052570756392
2011-02-14,5.0915234484377
2011-02-13,5.0994596249375
2011-02-12,3.439946155339
2011-02-11,4.1442413685866
2011-02-10,1.0071029384727
2011-02-09,2.8275447510287
2011-02-08,6.5673596288102
2011-02-07,17.401972436284
2011-02-06,5.1270008798289
2011-02-05,1.7606541533529
2011-02-04,0.82653616548198
2011-02-03,4.7110286935192
2011-02-02,5.4881643888511
2011-02-01,0.88968824901228
2011-01-31,2.1575486033796
2011-01-30,1.5396759700823
2011-01-29,5.8841047070745
2011-01-28,6.0463847718184
2011-01-27,55.010282853699
2011-01-26,2.3202623816045
2011-01-25,3.2277149412702
2011-01-24,4.8519343837935
2011-01-23,13.168394539707
2011-01-22,3.8907872684709
2011-01-21,1.5309315511824
2011-01-20,2.1806859880865
2011-01-19,2.3878260915108
2011-01-18,2.9038963426614
2011-01-17,8.8770952426217
2011-01-16,13.866512242715
2011-01-15,24.46488454966
2011-01-14,1.3465452358621
2011-01-13,2.0854223438899
2011-01-12,1.8160958412654
2011-01-11,8.1806389423265
2011-01-10,2.8104218242941
2011-01-09,7.6869155054944
2011-01-08,7.2370109320767
2011-01-07,0.40650725571248
2011-01-06,5.6739325269955
2011-01-05,82.085908384042
2011-01-04,11.335485099916
2011-01-03,4.4741263887781
2011-01-02,7.0291238548535
2011-01-01,4.3114647118588
2010-12-31,4.4948876974206
2010-12-30,19.902135414989
2010-12-29,2.2130721754577
2010-12-28,1.7334854160966
2010-12-27,22.147368421053
2010-12-26,0.37614555199024
2010-12-25,4.0566816470302
2010-12-24,1.793697599214
2010-12-23,2.153788061661
2010-12-22,4.3278119073633
2010-12-21,24.185168762089
2010-12-20,0.95041305040593
2010-12-19,24.900370024933
2010-12-18,87.371987928159
2010-12-17,1.1974492924338
2010-12-16,4.8574023431332
2010-12-15,3.405818932898
2010-12-14,6.6725767754494
2010-12-13,11.121708725619
2010-12-12,7.2368834098945
2010-12-11,5.5961251149096
2010-12-10,9.8987527609877
2010-12-09,1.0229884629016
2010-12-08,2.7104222428739
2010-12-07,2.1828528288247
2010-12-06,11.228165508903
2010-12-05,1.906126816511
2010-12-04,1.9784138914761
2010-12-03,4.2717597729998
2010-12-02,2.6237059891769
2010-12-01,7.2625271912544
2010-11-30,1.1431232329425
2010-11-29,0.44982067766409
2010-11-28,1.8242376359532
2010-11-27,4.1122785923754
2010-11-26,2.6412154079767
2010-11-25,12.721329749104
2010-11-24,5.9081068162926
2010-11-23,1.6407134989597
2010-11-22,1.1250185087255
2010-11-21,27.458933873144
2010-11-20,3.2123119837705
2010-11-19,0.66944916367458
2010-11-18,0.75146892875209
2010-11-17,1.192438369343
2010-11-16,2.406396496328
2010-11-15,7.1102724293322
2010-11-14,1.1387140541514
2010-11-13,0.4617521722862
2010-11-12,0.89394504848663
2010-11-11,1.8690758072064
2010-11-10,0.9715520636916
2010-11-09,1.0408889280534
2010-11-08,3.8570656802214
2010-11-07,0.55019622744235
2010-11-06,3.3989350324664
2010-11-05,1.2041095600677
2010-11-04,3.0570501110214
2010-11-03,0.50098569157393
2010-11-02,1.4156374756742
2010-11-01,1.3716516122993
2010-10-31,0.76809254300552
2010-10-30,3.3135647629713
2010-10-29,3.3530428906467
2010-10-28,1.256122204907
2010-10-27,1.7592808828112
2010-10-26,2.6333535943892
2010-10-25,1.323554211304
2010-10-24,4.559812390925
2010-10-23,2.4694211795659
2010-10-22,0.71846571962118
2010-10-21,1.3771098265896
2010-10-20,1.5735926578561
2010-10-19,1.3200477066044
2010-10-18,3.673369241818
2010-10-17,1.7695617070358
2010-10-16,16.313031083318
2010-10-15,2.9813275373645
2010-10-14,1.1107621143579
2010-10-13,0.56908872038964
2010-10-12,2.0780544807305
2010-10-11,1.7497439818082
2010-10-10,1.2975839340886
2010-10-09,0.68856510476629
2010-10-08,0.9916467911171
2010-10-07,3.805087943072
2010-10-06,2.4378094558168
2010-10-05,2.7654139032838
2010-10-04,2.2663287223988
2010-10-03,44.787052936911
2010-10-02,2.1051293819736
2010-10-01,6.5537536341812
2010-09-30,1.5976152623211
2010-09-29,4.3192441425364
2010-09-28,4.2436214079921
2010-09-27,1.4590475592134
2010-09-26,18.100131180626
2010-09-25,8.2157383357383
2010-09-24,10.590833598473
2010-09-23,2.7230802366618
2010-09-22,4.4153127833182
2010-09-21,2.858458949217
2010-09-20,2.3360039060039
2010-09-19,4.055296435915
2010-09-18,8.8687283475392
2010-09-17,7.0889710843373
2010-09-16,24.779565741858
2010-09-15,4.6142591653996
2010-09-14,1.0779306440278
2010-09-13,15.217272727273
2010-09-12,1.8945819090192
2010-09-11,9.6445209903122
2010-09-10,2.0587259142941
2010-09-09,6.0660276016412
2010-09-08,5.0654914445285
2010-09-07,10.024304788214
2010-09-06,5.7157392592593
2010-09-05,3.1620143054915
2010-09-04,19.813760356915
2010-09-03,3.3575604716178
2010-09-02,2.9484005265756
2010-09-01,0.67512983707357
2010-08-31,7.0478475336323
2010-08-30,0.402253072235
2010-08-29,3.3761969489058
2010-08-28,3.973989205103
2010-08-27,1.110971737417
2010-08-26,3.3387139488482
2010-08-25,2.764952912452
2010-08-24,1.166250501002
2010-08-23,2.8299425287356
2010-08-22,1.5365236337537
2010-08-21,2.4647896074555
2010-08-20,6.2075132119789
2010-08-19,4.8677211606511
2010-08-18,18.640947916667
2010-08-17,4.4945303044409
2010-08-16,0.0
2010-08-15,0.0
2010-08-14,0.0
2010-08-13,0.0
2010-08-12,0.0
2010-08-11,0.0
2010-08-10,0.0
2010-08-09,0.0
2010-08-08,0.0
2010-08-07,0.0
2010-08-06,0.0
2010-08-05,0.0
2010-08-04,0.0
2010-08-03,0.0
2010-08-02,0.0
2010-08-01,0.0
2010-07-31,0.0
2010-07-30,0.0
2010-07-29,0.0
2010-07-28,0.0
2010-07-27,0.0
2010-07-26,0.0
2010-07-25,0.0
2010-07-24,0.0
2010-07-23,0.0
2010-07-22,0.0
2010-07-21,0.0
2010-07-20,0.0
2010-07-19,0.0
2010-07-18,0.0
2010-07-17,0.0
2010-07-16,0.0
2010-07-15,0.0
2010-07-14,0.0
2010-07-13,0.0
2010-07-12,0.0
2010-07-11,0.0
2010-07-10,0.0
2010-07-09,0.0
2010-07-08,0.0
2010-07-07,0.0
2010-07-06,0.0
2010-07-05,0.0
2010-07-04,0.0
2010-07-03,0.0
2010-07-02,0.0
2010-07-01,0.0
2010-06-30,0.0
2010-06-29,0.0
2010-06-28,0.0
2010-06-27,0.0
2010-06-26,0.0
2010-06-25,0.0
2010-06-24,0.0
2010-06-23,0.0
2010-06-22,0.0
2010-06-21,0.0
2010-06-20,0.0
2010-06-19,0.0
2010-06-18,0.0
2010-06-17,0.0
2010-06-16,0.0
2010-06-15,0.0
2010-06-14,0.0
2010-06-13,0.0
